goggle chromeが使用できなくなりました。再インストールをお願い出来ないでしょうか？,Chromeを使いたい
CHROME を使用したいときはどうすればよろしいでしょうか？,Chromeを使いたい
chromeいれたいのですが,Chromeを使いたい
Chrome入れていただけないでしょうか。,Chromeを使いたい
Google Chromeをインストールしようとするとパスワードを求められます。インストールいただくことは可能でしょうか。,Chromeを使いたい
PCにChrome入れてあげてください。,Chromeを使いたい
PCにchrome入れておいてください,Chromeを使いたい
グーグルクロムのインストールをお願い致します。,Chromeを使いたい
クロームのインストールをお願い致します。,Chromeを使いたい
クロームを入れていただけますでしょうか。,Chromeを使いたい
クロームを入れてください,Chromeを使いたい
クローム入れてくださいますでしょうか,Chromeを使いたい
シンクラでもChromeを使用したいのですが入れていただくことはできますか？,Chromeを使いたい
シンクラにGoogle Chromeを入れていただくことはできますか？,Chromeを使いたい
ノートＰＣにchromeを入れてもらえませんか？,Chromeを使いたい
パソコンにGoogle Chromeをダウンロードしたいのですが,Chromeを使いたい
EXCELが開かず,Excelが開かない
Excelが開かない。,Excelが開かない
Excelが開きません。,Excelが開かない
excelが開けなくなっております。,Excelが開かない
ＥＸＣＥＬが使えなくなってしまったのですが,Excelが開かない
Excelシートが出せない。グレー画面になります。,Excelが開かない
excelでライセンス認証が出来ない,Excelが開かない
Excelのサインインできません。,Excelが開かない
excelファイルがうまく開けなくなりました。,Excelが開かない
excelファイルがまた開けなくなりました。,Excelが開かない
excelファイルが開かなくなり、使用できない状態が続いております。,Excelが開かない
Excelファイルで、開けていないのに編集中の状態になり他のユーザーが干渉できないものがあります。,Excelが開かない
EXCELファイルですが、ファイル形式と拡張子が一致しないと出て開けなくなってしましました。,Excelが開かない
Excelファイルを開くことができません。,Excelが開かない
EXCELを開いた際、Microsoftofficeの「ライセンス認証」をするようにとの表示がされました。,Excelが開かない
excelを開くとエラー表示が出るようになりました。,Excelが開かない
excelを上書き保存時に、親を取っていても(読み取り専用ではない)「現在使用中です。後でもう一度試してください」と表示されて保存が出来ない場合があります。,Excelが開かない
EXELを起動して作業すると、すぐに動きが止まってしまい、作業が出来なくなります。,Excelが開かない
vlookしているエクセルファイルを開くときエラーがでます。,Excelが開かない
エクセルが開かない,Excelが開かない
エクセルが開きません。,Excelが開かない
エクセルシートが開いてもグレーの画面が表示されます。,Excelが開かない
エクセルシートを開くと、毎回サインインの窓が開き現在、シート編集ができません。,Excelが開かない
エクセルデータを削除しようとしたら、エラーで「アクセスが拒否されました」と表示されました。,Excelが開かない
エクセルなんですが、いちいち時間がかかります。,Excelが開かない
エクセルにサインインできません。,Excelが開かない
エクセルについてですが、ファイルを選択してダブルクリック(または右クリックで「開く」）をしてもファイルが開かず,Excelが開かない
エクセルにログイン出来なくなりました,Excelが開かない
エクセルに戻ると、画面が真っ白になっており「応答なし」と表示される,Excelが開かない
エクセルは立ち上がりますがデータが開きません。,Excelが開かない
エクセルファイルが、誰も使用していないにも関わらず、「使用者はほかのユーザーです」となり開けなくなりました。,Excelが開かない
エクセルファイルが、読み取り専用でしか開けません。,Excelが開かない
エクセルファイルが開いていて更新できない旨表示されます。,Excelが開かない
エクセルファイルが開かない,Excelが開かない
エクセルファイルが開きません。,Excelが開かない
エクセルファイルが読み取り専用になり編集できません。,Excelが開かない
エクセルファイルを開くと、ほとんどが白紙です,Excelが開かない
エクセルを開いたときに、サインインを求められます。,Excelが開かない
エクセルを開くに時間がかかる,Excelが開かない
エクセルを開こうとするとリソース不足となり開けません。,Excelが開かない
エクセルを開こうとすると度々、「リソース不足のため、このタスクを完了する事が出来ません」と出る,Excelが開かない
エクセルを更新していたのですがエラーが出てしまいました。,Excelが開かない
エクセルを立ち上げたらサインインしてOfficeを設定するという画面が出ます。,Excelが開かない
エクセル開いて、アドレス・パスワードを入力したところ、エラーでます。,Excelが開かない
開いてないエクセルファイルが使用中になったまま１日経過しています。,Excelが開かない
ＦＡＸが届かずいつもエラーで戻ってきてしまいます。,FAXが送受信できない
ＦＡＸをしようとしても送れない,FAXが送受信できない
FAX送信しても「話中」と不達レポートが出る模様です。,FAXが送受信できない
相手からのFAXが不通になったりこちらから送信分も何度も未着となっております。,FAXが送受信できない
iPad Air×3台のアプリインストール用のパスワードを教えていただけませんか。,iPadのロックが解除できない
iPadがログインできなくなりました。,iPadのロックが解除できない
iPadですが、再起動させたところパスワードを聞かれてしまします,iPadのロックが解除できない
iPadのアカウントとパスワード入力でログインができなくなりました。,iPadのロックが解除できない
ipadのパスワードをご教示いただけますでしょうか。,iPadのロックが解除できない
IPadのパスワードを失念してしまったので教えていただけますでしょうか。,iPadのロックが解除できない
ipadの反応が悪いのか、なかなか表示されません・・,iPadのロックが解除できない
ipodのロックパスコードを教えて下さい。,iPadのロックが解除できない
アイパッドが使えないので、教えて頂けますでしょうか。ＩＤとＰＡＳＳを入力すると添付画面がでて先に進めません。,iPadのロックが解除できない
ｉｐｈｏｎｅ8のパスコードは何番でしょうか？,iPhoneのロックが解除できない
アイフォンのサインインパスワードを教えていただけませんか？,iPhoneのロックが解除できない
携帯でａｐｐｌｅ　ＩＤがセキュリティ保護のためロックされています。ロックを解除するには本人確認が必要です。と表示されます。,iPhoneのロックが解除できない
Microsoft365にログイン出来なくなっております。,Officeにログインできない
OFFICE365にログインできない。,Officeにログインできない
office365のアカウント権限がない,Officeにログインできない
office365のフォームにアクセスできないと,Officeにログインできない
officeが使用できません。,Officeにログインできない
Officeライセンスの認証がPCログイン時のアドレスとPWで入れません。,Officeにログインできない
エクセルをつかったことがないのですがパスワード入力しても進めません。,Officeにログインできない
マイクロソフトオフィスが使用できない状況です。,Officeにログインできない
PDFが開かず固まる,PDFが開かない
PDFが開けなくなった,PDFが開かない
ＰＤＦの文書を表示としたら、「Acrobat PDFのブラウザープラグインがありません。この問題を修正するには、Adobe AcrobatまたはAdobe Acrobat Readerを再インストールしてください」と出て、PDF文書を表示することができません。,PDFが開かない
ＰＤＦファイルを開くことができない,PDFが開かない
PDFファイルを開くのがやけに重い,PDFが開かない
PDFファイルを開くのが重い,PDFが開かない
PDFファイルを開く際に以下の正しく表示するにはフォントパッケージが必要ですと出ます。,PDFが開かない
PDFをあけると勝手にすぐ消えてしまいます。,PDFが開かない
ＰＤＦを開くと、たいてい固まります。,PDFが開かない
ＰＤＦを開こうとしますとワードに変換されてしまいまして、中身が見れなくなってしまいました。,PDFが開かない
ＰＤＦ出力をしようとするとパーソナルコンピューターでの使用に関する配布の使用許諾契約書というものが出てきて印刷することができません。,PDFが開かない
ＰＤＦの保存ができない,PDFが保存できない
ＰＤＦの保存ができなくなりました。,PDFが保存できない
ＰＤＦファイルを保存しようとすると、真っ白なウインドウが出てそこから進みません。,PDFが保存できない
開いたＰＤＦの保存をしようとすると真っ白なウインドウが立ち上がるだけです。,PDFが保存できない
真っ暗でＰＤＦ出力できない,PDFが保存できない
PDFファイルの編集を行いたい,PDFを編集したい
アクロバットリーダーで、PDFの結合をしたいのですが、処理進めません。,PDFを編集したい
パソコン内にＰＤＦをＷｏｒｄに変換できる機能はありますか？,PDFを編集したい
シンクライアントには、Skypeはあらかじめインストールされているのでしょうか？,Skypeを使いたい
スカイプで社外の方とテレビ会議を予定しています。接続方法などを記載した使用手順書・マニュアルなどありますか？,Skypeを使いたい
スカイプをする方法がわかりません,Skypeを使いたい
PCですがワイヤレスネットワーク接続ができないことが多々あります。,WiFiに繋がらない
wifiがうまく繋がりません。,WiFiに繋がらない
Wifiに接続したい,WiFiに繋がらない
無線LANがめちゃくちゃ重くなって作業ができない,WiFiに繋がらない
internet　explorerに接続できません。,インターネットに繋がらない
WEBサイトで今まで閲覧出来ていたサイトが急に見れなくなってしまいました。,インターネットに繋がらない
Windowsキュリティのロックが掛かってしまい、ウェブ閲覧をすることができません。,インターネットに繋がらない
インターネットが重たくて、動きません。,インターネットに繋がらない
インターネットサイトのＹａｈｏｏ等の一部がつながらなくなりました。,インターネットに繋がらない
インターネットでYahooのページを利用することができません。,インターネットに繋がらない
インターネットに接続が出来ない状態になっておりました。,インターネットに繋がらない
インターネットの調子が悪い,インターネットに繋がらない
サイトを見に行くと遅くて見れない,インターネットに繋がらない
ネットがかなり遅いのですが,インターネットに繋がらない
ネットが急に接続されなくなりました。,インターネットに繋がらない
ネットが繋がりません。,インターネットに繋がらない
ネットが遅い,インターネットに繋がらない
ネットが動かなくなってしまいました。,インターネットに繋がらない
ネットの調子が悪いのかWEBサイトが強制的に閉じてしまうことが多々あります。,インターネットに繋がらない
ネットの動作が非常に重いです。,インターネットに繋がらない
ネットワークがもっさり,インターネットに繋がらない
ネットワークに一切アクセスできなくなりました。,インターネットに繋がらない
ネットワーク接続出来ない状態です。,インターネットに繋がらない
ネット繋がりません。,インターネットに繋がらない
パソコンですが、ネット環境が使用できません。,インターネットに繋がらない
パソコンを使用してから、Ｎｅｔもサクサク閲覧できません。,インターネットに繋がらない
プロキシサーバのエラーが表示される。,インターネットに繋がらない
ページを開けなくなりました。,インターネットに繋がらない
ヤフーからメーカーサイトを見ようとすると「プロキシサーバーは応答していません。」となります。,インターネットに繋がらない
楽天市場が閲覧できないようになりました。,インターネットに繋がらない
動きが遅い（ネット）,インターネットに繋がらない
１０キーがうまく作動しません。,キーボードが使えない
キーボードが反応しなくなり、文字が打てない,キーボードが使えない
キーボードの交換をお願いすることできますでしょうか。,キーボードが使えない
キーボードの反応がよくない状況です。,キーボードが使えない
テンキーで数字を押下しても、なかなか入力した通りに反映されません。,キーボードが使えない
テンキーのキーボードの反応が遅くて使えない,キーボードが使えない
ノートＰＣのキーボードが接触弱くなっているよで、反応しない時があります。,キーボードが使えない
パソコンのキーボードがまたきかなくなってしまいました。,キーボードが使えない
「windowsに接続できませんでした」と表示され、画面の様子も通常と異なりますがどうしたらよろしいでしょうか。,シンクライアントが使えない
「シンクライアント端末（専用）」に入ろうとすると、固まってしまい（応答なし）、入ることができません。,シンクライアントが使えない
SSL-VPNへの接続が出来ないため、シンクラに接続出来ません。,シンクライアントが使えない
シンクラ　デスクトップデータソースが不足,シンクライアントが使えない
シンクラ、自分のデスクトップにログインできません。,シンクライアントが使えない
シンクラ「シンクライアント端末（専用）」を使用していますが、最近処理が大変重い,シンクライアントが使えない
シンクラＰＣ（デスクトップ型）の最初のＩＤとパスワードは,シンクライアントが使えない
シンクラＰＣが立ち上がらなくなり,シンクライアントが使えない
シンクラPCですが、電源を入れても立ち上がらす、画面が黒いままです。,シンクライアントが使えない
シンクライアントPCのデスクトップを使用しているのですが、急にログインできなくなりました。,シンクライアントが使えない
シンクライアントがログイン出来ません,シンクライアントが使えない
シンクライアントが接続できない状況です。,シンクライアントが使えない
シンクライアントが立ち上がりません。,シンクライアントが使えない
シンクライアントですが、再起動してもログイン出来ません。,シンクライアントが使えない
シンクライアントに接続出来ません。,シンクライアントが使えない
シンクライアントのSSL-VPNが認証されず,シンクライアントが使えない
シンクライアントログインできず。,シンクライアントが使えない
シンクライアントを社外で接続したいのですが、タイムアウトというエラーメッセージが出てつなげられません。,シンクライアントが使えない
シンクライアント使えません。,シンクライアントが使えない
シンクライアント接続できません。,シンクライアントが使えない
シンクライアント端末にエンターできません。,シンクライアントが使えない
シンクラが…。ログインを試みたところ、エラーが出ました。,シンクライアントが使えない
シンクラがサーバーに接続できません。,シンクライアントが使えない
シンクラがしにました,シンクライアントが使えない
シンクラがたちあがりません。,シンクライアントが使えない
シンクラがつながらない,シンクライアントが使えない
シンクラがつながりません,シンクライアントが使えない
シンクラが再びログインできなくなった,シンクライアントが使えない
シンクラが全体的に遅いです。,シンクライアントが使えない
シンクラが度々切断されます。,シンクライアントが使えない
シンクラが立ち上がらない,シンクライアントが使えない
シンクラが立ち上がらない状況です。,シンクライアントが使えない
シンクラが立ち上がりません。,シンクライアントが使えない
しんくらつながらなくなりました,シンクライアントが使えない
シンクラですが立ち上がりません。,シンクライアントが使えない
シンクラにアクセスできません。,シンクライアントが使えない
シンクラにログインしたいのですが、パスワードを失念してしまいました。,シンクライアントが使えない
シンクラにログインできません。,シンクライアントが使えない
シンクラに入れません。,シンクライアントが使えない
シンクラのパスワードがよくわからない感じになっています。,シンクライアントが使えない
シンクラのパソコンの起動時間が以前に比べ遅くなっている,シンクライアントが使えない
シンクラの接続が切れました,シンクライアントが使えない
シンクラの接続が切れる。,シンクライアントが使えない
シンクラの動作が異常に遅い,シンクライアントが使えない
シンクラの動作が不安定になる,シンクライアントが使えない
シンクラを立ち上げて、自分のアカウントでログインすることができません。,シンクライアントが使えない
シンクラを立ち上げようとしてるのですが、接続となってるのにI D、パスワード入力画面すら出てこない,シンクライアントが使えない
シンクラ何かおかしいですか？急に追い出されて、入れなくなった,シンクライアントが使えない
シンクラ接続したいんですが、エラーが出て接続できません。,シンクライアントが使えない
シンクラ端末 タイムアウトになり現在接続できません。,シンクライアントが使えない
シンクラ端末アクセス拒否され使用できないとのこと。,シンクライアントが使えない
シンクラ端末が故障しました。,シンクライアントが使えない
シンクラ入れない,シンクライアントが使えない
シンクラ用PCの画面が暗いまま立ち上がらない状況です。,シンクライアントが使えない
シンクラ落ちて繋がらなくなった,シンクライアントが使えない
シンクラ立ち上がりません。,シンクライアントが使えない
なかなかシンクラが接続されず、タイムアウトになってしまいます。,シンクライアントが使えない
パソコンがシンクラに繋げません。,シンクライアントが使えない
パソコンのネットワーク接続が切れてしまい、タイムアウトエラーになったりと接続できない状況です,シンクライアントが使えない
新クラにログインできません。,シンクライアントが使えない
突然シンクラから追い出されて以後PCにログインできなくなりました。,シンクライアントが使えない
2画面のうち、左側しかカーソルが動かない,ディスプレイが使えない
ＰＣのデスクトップ画面が、メイン画面（大きい方）が反転しております。小さい画面のほうがメインになっております。,ディスプレイが使えない
シンクラとデスクトップをつなぐと文字がぼやけるというか、画面が不鮮明になってしましました。,ディスプレイが使えない
シンクラに繋いでいるモニター表示が横長になってしまいます。,ディスプレイが使えない
シンクラ端末ですが、ロック解除をすると画面の右と左が入れ替わってしまうとのことです。,ディスプレイが使えない
ディスプレイが突然映らなくなった。,ディスプレイが使えない
ディスプレイの画面が真っ暗,ディスプレイが使えない
ディスプレー故障のようです。,ディスプレイが使えない
ノートPCなんですが、画面が見えなくなったとのことです。,ディスプレイが使えない
パソコンの画面が１台真っ暗になったとたん赤緑青黄色…と点滅した後電源が落ちました。,ディスプレイが使えない
モニターの電源が入らない,ディスプレイが使えない
モニターの文字が横長に広がる,ディスプレイが使えない
画面が波打つ状態が続いております。,ディスプレイが使えない
画面の左側半分が色が薄く映るようになってしまっています。,ディスプレイが使えない
二画面を使っているのですが、カーソルが右左の行き来が左端から右端に出てくる症状になっています。,ディスプレイが使えない
IPhoneでインターネット共有ができなくなりました。,テザリングできない
iPhoneのインターネット共有のWIFIパスワードの変更をしたら、PCとの接続が出来なくなった,テザリングできない
notepcをテザリングして繋ぐ際にネットワークセキュリティーキーを聞かれています。,テザリングできない
インタネット共有で接続するとき毎回パソコンにパスワードを入力しています。,テザリングできない
テザリングでPCにインターネット共有ができず困っている,テザリングできない
会社携帯のテザリングができない,テザリングできない
社内携帯のインターネット共有をオンにして、シンクラPCへ接続したい,テザリングできない
社用携帯でインターネット共有ができません。,テザリングできない
(Ｗ:)フォルダへのアクセスができません。,ネットワークドライブに繋がらない
Uドライブに入れない,ネットワークドライブに繋がらない
Vドライブがことごとく開けません…,ネットワークドライブに繋がらない
Vドライブがめちゃくちゃ重たい,ネットワークドライブに繋がらない
Vドライブにアクセスが拒否されて入ることができなくなりました。,ネットワークドライブに繋がらない
Ｖドライブに入っていたフォルダがなくなってしまいました。,ネットワークドライブに繋がらない
Vドライブのフォルダを開いたとき、アクセスが拒否されるフォルダ、あるいはファイルがあり困っています。,ネットワークドライブに繋がらない
Ｖドライブを見に行く方法はありませんか？,ネットワークドライブに繋がらない
Vドライブ全体を見ることができるようにしたい,ネットワークドライブに繋がらない
Vフォルダにアクセスができない,ネットワークドライブに繋がらない
Vフォルダにアクセスできません。,ネットワークドライブに繋がらない
ＶやＷフォルダに入れません。,ネットワークドライブに繋がらない
Ｗドライブ、Ｖドライブの閲覧が現状できない,ネットワークドライブに繋がらない
Zドライブを確認できるようにしていただけませんでしょうか？,ネットワークドライブに繋がらない
グループドライブが消えました。,ネットワークドライブに繋がらない
シンクライアントで、Vドライブにアクセスできません。,ネットワークドライブに繋がらない
ドライブはアクセス拒否されるようになりました。,ネットワークドライブに繋がらない
ファイルにアクセスできなくなっております。,ネットワークドライブに繋がらない
共有フォルダなど、各種フォルダにアクセスしようとすると、「リモートプロシージャコールに失敗し、実行されません」という表記が現れ、各種フォルダにアクセスができない,ネットワークドライブに繋がらない
共有フォルダを閲覧することができません。,ネットワークドライブに繋がらない
Ｐ Cですが、立ち上がりません！,パソコンが使えない
ＰＣ　また固まった,パソコンが使えない
ＰＣが1日に4～5回フリーズして、再起動をかける状態が続いております。,パソコンが使えない
ＰＣがまた固まってしまいました・・・。,パソコンが使えない
ＰＣが非常に遅い,パソコンが使えない
ＰＣですがさっきまで使用できてたＰＡＳＳが使えなくなってログインできない,パソコンが使えない
PCなにもかもが重い,パソコンが使えない
PCの画面が表示されません,パソコンが使えない
PCの処理が固まる,パソコンが使えない
PCの操作が１アクション毎に時間がかかって作業が進まない,パソコンが使えない
ＰＣの動きが遅く、固まって操作できないことが非常に多い,パソコンが使えない
PCの立ち上がりが以前より遅くなっています。,パソコンが使えない
ＰＣ起動時ナンバーロックがかかった状態です。,パソコンが使えない
PC端末を起動中なのですが画面が真っ黒なまま,パソコンが使えない
パソコンがいつもよりまして遅い,パソコンが使えない
パソコンがログオフのまま固まります,パソコンが使えない
パソコンが固まってしまう,パソコンが使えない
パソコンが固まるケースが数日続いています。,パソコンが使えない
パソコンが重いので見てほしい,パソコンが使えない
パソコンが全体的に重たい,パソコンが使えない
パソコンですが、ログインＩＤとパスワードを入力したところ、「コンピュータアカウントがありません」と表示され、パソコンが起動できない状態になっています。,パソコンが使えない
パソコン起動に時間がかかるのですが,パソコンが使えない
会社PCが主電源を入れても起動せず,パソコンが使えない
端末の動きが非常に遅い,パソコンが使えない
ＰＣの音が一切しなくなりました。,パソコンの音がでない
音声動画を再生していますが、音声が出ません。,パソコンの音がでない
ポップアップブロックされて進めない。,ポップアップがブロックされる
ポップアップブロックの許可方法を教えていただけないでしょうか。,ポップアップがブロックされる
ＰＣについてマウスがおかしいのかカーソルが動かせません。,マウスが使えない
ＰＣのカーソルがマウスを動かしても反応しなくなりました。,マウスが使えない
シンクラに付属しているワイヤレスマウス（blue-toothタイプ）のリンク（？）がしばしば切れてしまいます。,マウスが使えない
パソコンのマウスがまた動かなくなってしまいました。,マウスが使えない
パソコンのマウスのホイール部分から油がでてきて指先がべとべとします。,マウスが使えない
マウスがまた動かなくなってしまいました。,マウスが使えない
マウスが固まる（暫くの間動かなくなる）,マウスが使えない
マウスが調子が悪いので,マウスが使えない
マウスが動かなくなった,マウスが使えない
マウスが動かなくなります。,マウスが使えない
マウスで裏面が消耗してしまい使いづらい,マウスが使えない
マウスの右クリックが使用できない,マウスが使えない
マウスの調子が悪い,マウスが使えない
マウスの動きが悪い,マウスが使えない
マウスの動きが悪いです。,マウスが使えない
マウスも動きません。,マウスが使えない
マウス全く動きません。,マウスが使えない
いつもメールの返信ができずに返ってきてしまうと言われました。,メールが送受信できない
お客様に何度かメールを送信していただいてますが届きません。,メールが送受信できない
データを添付してメールを送信しようとすると、エラーメッセージがでます。,メールが送受信できない
メーラーの動作が重く、メールの送信がタイムアウトになって送付できなっくなりました。,メールが送受信できない
メールがはじかれてしまう会社があるようです。,メールが送受信できない
メールが受け取れなくなっているようです。,メールが送受信できない
メールが受信できていません。,メールが送受信できない
メールが受信できておりません。,メールが送受信できない
メールが受信できません。,メールが送受信できない
メールが受信拒否されている,メールが送受信できない
メールが受信出来ない,メールが送受信できない
メールが受信出来ない状況が暫く続いております。,メールが送受信できない
メールが送れていないとのエラーメールが来ました。,メールが送受信できない
メールが送れない（届かない）と言われています。,メールが送受信できない
メールが送信できない,メールが送受信できない
メールが届かない,メールが送受信できない
メールが届かないと連絡がありました。,メールが送受信できない
メールが届かなくエラーになる,メールが送受信できない
メールが配信出来ないとの連絡がありました。,メールが送受信できない
メールしてますが返ってきてしまいます。,メールが送受信できない
メールで添付ファイルを送ろうとするとエラーで返ってきます。,メールが送受信できない
メールの受信ができないのですが,メールが送受信できない
メールを受信できなくなりました。,メールが送受信できない
メールを送ることが出来ないと電話連絡を受けました。,メールが送受信できない
メールを送るとエラーとなる,メールが送受信できない
メールを送ろうとするとエラーになって戻ってきてしまう,メールが送受信できない
メールを送ろうとするとエラーになります。,メールが送受信できない
メールを送信されたそうなのですが、受信フォルダにてそのようなメールを受信しておりません。,メールが送受信できない
メール送信ができるのに　本日ＮＧになった,メールが送受信できない
メール送信でエラーがでて送信できません。,メールが送受信できない
メール送信できないという連絡がありました。,メールが送受信できない
メール送信できないとの連絡を受けました。,メールが送受信できない
メール送付頂いているのですが、受信できておりません。,メールが送受信できない
メール来ていないでしょうか？,メールが送受信できない
何回かメールを送ってもらっていますが、一向に届きません,メールが送受信できない
送ったメールがブロックされて届かない,メールが送受信できない
送ったメールが弾かれたり、弾かれなかったりすると報告を受けています。,メールが送受信できない
添付ファイル付きメールを送ろうとしていますが、エラーになって送信できません。,メールが送受信できない
当社にメールが送れないとの指摘有り。,メールが送受信できない
InternetExplorerでpdf画面を開き印刷を試みたが、「印刷実行中・・・」のダイアログが画面中央で固まったまま。,印刷ができない
ＰＣから印刷しようとすると、プリンターが無反応でエラーメッセージも出てきません。,印刷ができない
ＰＣでプリンターが接続できませんでした。,印刷ができない
コピー機が使えなくなりました。,印刷ができない
コピー機への接続ができなくなっていました。,印刷ができない
コントロール＋Ｐを押しても、印刷ボタンを押しても画面を印刷できなくなりました。,印刷ができない
パソコンから印刷ができなくなりました。,印刷ができない
パソコンにプリンターを追加しようと試みたところ、IDとパスワードの入力を求められた。,印刷ができない
プリンターがうまく接続できません。,印刷ができない
プリンターからプリントが出来ません。,印刷ができない
プリンターから印刷されません。,印刷ができない
プリンターが登録削除されており、「プリンターの追加」をすると「プリンターへ接続できませんでした。アクセスが拒否されました。」と出ます。,印刷ができない
プリンターで、現在コピーができない状況です。,印刷ができない
プリンターに設定しましたが、印刷されず、異常終了のジョブレポートが出てきてしまいます。,印刷ができない
プリンターに紐付くＰＣからの印刷不可。,印刷ができない
プリンターの追加が出来ない状態になっております。,印刷ができない
プリンターの追加画面に上記プリンターが出てきません。,印刷ができない
プリンターを信頼しますか？と出て、IDとＰＷを入れる画面に変わります。,印刷ができない
プリンタから印刷されない状態です。,印刷ができない
プリンタから出力されません。,印刷ができない
プリンタが印刷不可となっています。,印刷ができない
プリンタに接続できませんと表示され、印刷ができなくなりました。,印刷ができない
プリンタの出力設定がわかりません,印刷ができない
プリンタを表示させたいのですが、やり方がわかりません。,印刷ができない
プリンタ設定をしたいのですがやり方のマニュアルなどあれば教えて頂けませんでしょうか。,印刷ができない
プリントアウトができません。,印刷ができない
プリントアウトできない,印刷ができない
プリントされません,印刷ができない
ワードファイルを印刷しようとするが印刷されない。,印刷ができない
印刷ができなくなってしまいました。,印刷ができない
印刷ができなくなりました。症状としてはFirefox上で印刷しようとするとフリーズ（応答なし）となり、IE上で印刷ボタンを押しても無反応（印刷プレビュー等の画面も出ない）です。,印刷ができない
印刷ができません。,印刷ができない
印刷ができません。プリンターの選択がまずできません,印刷ができない
印刷プレビューをすると、internet explorerは動作を停止しました。プログラムを修正します、なります。,印刷ができない
印刷可能プリンタとしてセットアップしたいので、ユーザー、パスの入力お願いできませんでしょうか。,印刷ができない
会社の携帯がずっと圏外になっています。,携帯電話が繋がらない
会社の携帯から電話ができなくなりました。,携帯電話が繋がらない
会社携帯について電波不通の状態になった為以下ご報告申し上げます。,携帯電話が繋がらない
電話したとき、先方から、会話が途切れると言われました。,携帯電話が繋がらない
電話で、先方から音声が途切れると言われました。,携帯電話が繋がらない
iPhoneを落としてしまい前面が割れてしまいました…。,携帯電話が壊れた
携帯が破損したのですが,携帯電話が壊れた
デスクの電話に内線が繋がりません。,電話が繋がらない
電話がうまく取れない時がたまにある,電話が繋がらない
内線がつながりません。,電話が繋がらない
内線電話の着信音が鳴りません。,電話が繋がらない
iPhoneの携帯内線番号が分かりません。,電話番号を調べたい
携帯の外線番号を教えてください。,電話番号を調べたい
「Microsoft IEM」を設定しないと日本語入力ができなくなりました。,日本語入力ができない
ＰＣで日本語入力ができません。,日本語入力ができない
タスクバーに言語バーがない,日本語入力ができない
パソコンで、かな入力ができません。,日本語入力ができない
ローマ字入力しか出来ない,日本語入力ができない
漢字変換ができなくなることがあります,日本語入力ができない
日本語入力ができなくなりました,日本語入力ができない
Amazon.co.jpを騙ったメールが来ています。,迷惑メールが届いた
iPhoneメールに大量に迷惑メールが着信して困っています。,迷惑メールが届いた
あきらかにうさんくさいメールが来ました。,迷惑メールが届いた
イタズラメールが何度も送られてきます。,迷惑メールが届いた
いたずらメールが届きました。,迷惑メールが届いた
ウイルスでしょうか？,迷惑メールが届いた
ウィルスメールが届きました。,迷惑メールが届いた
ウィルスメールでしょうか。,迷惑メールが届いた
おそらく迷惑メールかとおもいますが添付のようなメールが届きました,迷惑メールが届いた
ブラックリスト登録をお願いします。,迷惑メールが届いた
メールアドレスをブラックリストに登録することは可能でしょうか,迷惑メールが届いた
メールがあるのですが開けても問題ないでしょうか？,迷惑メールが届いた
メールがとどていますが、無視したほうがいいでしょうか？,迷惑メールが届いた
メールが個人アドレス宛に届きました。怪しいので念のためご報告させて頂きます。,迷惑メールが届いた
怪しいメールがきたのご報告です。,迷惑メールが届いた
怪しいメールが届いてます。,迷惑メールが届いた
差出人不明のメールが着信しております。,迷惑メールが届いた
削除した方がいい類のメールでしょうか？,迷惑メールが届いた
私のメールにこんなメールが届きました。明らかにあやしいと思うので、削除します。,迷惑メールが届いた
私のメールに迷惑メールと思しき内容のメールを着信しましたので報告します。,迷惑メールが届いた
頻繁に詐欺と思われるメールを受信します。,迷惑メールが届いた
不審なメールがきたのですが,迷惑メールが届いた
迷惑メールが1日数十件入るようになりました。,迷惑メールが届いた
迷惑メールがあったのでご報告します。,迷惑メールが届いた
迷惑メールかと思われます。,迷惑メールが届いた
迷惑メールが届いておりますのでご報告させていただきます。,迷惑メールが届いた
迷惑メールでしょうか。,迷惑メールが届いた
迷惑メールですよね？,迷惑メールが届いた
迷惑メールと考えてよろしいでしょうか。,迷惑メールが届いた
迷惑メールと思われるメールを隔離しました。,迷惑メールが届いた
迷惑メールと思われるものが着信しましたので念のため共有いたします。,迷惑メールが届いた
迷惑メールのようなものが届いたので一応ご連絡いたします。,迷惑メールが届いた
迷惑メールの情報共有です。,迷惑メールが届いた
迷惑メールの報告です。,迷惑メールが届いた
迷惑メールらしきものを受信しましたので、報告です。,迷惑メールが届いた
迷惑メール隔離通知が来ました。,迷惑メールが届いた
迷惑メール連絡,迷惑メールが届いた
